{"Edges": [{"src": 1, "w": 0.45, "dest": 2}, {"src": 4, "w": 0.3, "dest": 1}], "Nodes": [{"pos": "35.20500018886199,32.10785303529412,0.0", "id": 1}, {"id": 2}, {"id": 4}]}